window_id,chrom,start,end,strand,sequence,structure,mfe,target_mirna,contained_mirnas,num_mirnas,label
chr14|23388551-23388750|+,chr14,23388551,23388750,+,CCCCUGCCCUCACCCCCCACACAGGCUGAUCGACGGUAGCUCCUCUGACCAACAAGCUUUUUGCUCGUCUUAUACGUGAGCAUCAGGUAUAACCCGGGCCAAAAGCUCGCCCGUCACAGGAAGUGGGUCAGGGCCAGCCAGAGUUCACAGAGCAAAGAGUUCAGGCUUUCUUCCAAGCACUUCUGUUGCCCUCCGAGUUC,...(((((((.....(((((....((((........))))((((.((((...(.(((((((.(((((..((((((.(((...))).))))))..))))).))))))).)...)))).)))).)))))..)))).)))...((((((..((.(((((((....((((((......)))).))))).)))).))..)))))),-60.6,Hsa-Mir-208-P2_pre,Hsa-Mir-208-P2_pre,1,positive
chr14|23417901-23418100|+,chr14,23417901,23418100,+,GCUAUGGACAUUGAGGAGGUAUGGGCUUCUGCAGCCCUCCCCACUGCCUUUCCCUGCCACAGUGCCCUGCCCCAGACGGAAGCACUCUGCCCUCAGACAAACCUUUUGUUCGUCUUAUAUUCGGAUCAGAAACAUAAUUCGAGCAAAAAGCUUCCCUGAGAGGAGAAGGAGGUGGGGCCGGGGCAGAGUCCUCCUGUGUU,......(((((..((((((.....(((.((((..(((.(((((((.(((((.(((..((.(((((....((......))..))))).))..(((((..((.(.(((((((((..((((.(((......)))..))))..))))))))).).))..)))))))).))))).)))))))..))))))))))))))))))))),-71.2,Hsa-Mir-208-P1-v1_pre,Hsa-Mir-208-P1-v1_pre,1,positive
chr14|31014601-31014800|+,chr14,31014601,31014800,+,UAUAAUUGCUUUAAUUCUAGUCUUUUAAAUCUUGUUCACUGAAACCACUUAGGUGUAAUGCUAUCUCAAGGUAAUACCAAUACCUUGUGUUUACCUUGGUUCCACUGAACACAAGGUACUGGUACUACCUUGAAACAGCAUUAUAUAUUGGUCAAAAGCACAUCCUUUUUUAACCUUUUUUUCUUUUUCAUUACAAGAAC,.............................((((((....(((((........((((((((((...((((((((.(((((.(((((((((((((...((....)).))))))))))))).))))).))))))))...))))))))))...(((.(((((......)))))...)))..........)))))..))))))..,-56.2,Hsa-Mir-624_pre,Hsa-Mir-624_pre,1,positive
chr14|59646901-59647100|-,chr14,59646901,59647100,-,AAGGAUCGCCAUUCUAACCGGCAUGAGAUGGUAUCUCAUUGUGGUUUUGAUUUGCAUUUUUCUAAUGACCAGUGAUGAUGAGCUGUUUUUCAUAUACUUGUUGGCCACAUAAAUGUCUUCUUUUGAGAAGUGUCUGUUCAUAUCCUUCACCCACAUUUGGAUGGGGUUGUUUUUUUCUUGUAAAUUUAUUUAAGUUCUUU,.(((((....)))))(((((..(((((((...)))))))..)))))..((((((((.......(((((((((.((((.(((((..(((((((.......(..(((.........)))..)...))))))).....)))))))))))(((.(((....))).)))))))))).......))))))))..............,-35.4,Hsa-Mir-5586_pre,Hsa-Mir-5586_pre,1,positive
chr14|95137851-95138050|+,chr14,95137851,95138050,+,UUUCGGAAACAAAUUGAGGAAAAAUCUGGACAGUUCUUCCUCGGCACAAGAGAGGGAGAGAGAUCGUUUCCCUGGCCUGCCUAUUUCCUCCUUUGUUCUCAUAAAAUCACAAAGGAGAAAACAGGCAGGGCAGGGAAGCUGGCCCAAGACCAACAAAGACUCAAUUCUAUCUGGAAAAUAAGCCCUAGACCUCCAAUGUU,(((((((....(((((((..........((...(((((((((.........)))))))))...))(((((((((.(((((((.(((.(((((((((............))))))))).))).))))))).)))))))))(((.......))).......)))))))...)))))))........................,-70.5,Hsa-Mir-3173_pre,Hsa-Mir-3173_pre,1,positive
chr14|100852351-100852550|+,chr14,100852351,100852550,+,ACAGCAUUUGGAAGGCGGAGGACAUGGAAUUCAUGUGUCAGGAGCCACCUUCCGAGCCUCCAGUACCACGUGUCAGGGCCACAUGAGCUGGGCCUCGUGGGCCUGAUGUGGUGCUGGGGCCUCAGGGGUCUGCUCUUCUUCUCUUUCAGAAUCUGGGGCUCCAGGCUAUGCCUUGGCUGGACUGAGGUCUGGGGGUGCAC,...((((((((((((.((..((((((.......)))))).....)).))))))))..((((((((((((..((((((.((.((((((......))))))))))))))))))))))))))(((((((..((((..............)))).)))))))(((((((((..(((......)).)...)))))))))))))..,-89.9,Hsa-Mir-770_pre,Hsa-Mir-770_pre,1,positive
chr14|100874451-100874650|+,chr14,100874451,100874650,+,CCGAGCGCUUGCACUGCGCUUCCGGGAGGAGGGUUGCGGCCCGUAGUCAGUAGUUGGGGGGUGGGAACGGCUUCAUACAGGAGUUGAUGCACAGUUAUCCAGCUCCUAUAUGAUGCCUUUCUUCAUCCCCUUCAACCACGCGCAGCCCCCGGACCCUCCUCUGCACCCUUGGCUGCACGGGGACGCGUCCUCAAGUCCGC,((((((((.......)))))..)))..((.((((((((.(.........((.(((((((((((((((.(((.(((((.(((((((((((......))).)))))))).))))).))).))).))))))))..)))).)))))))))))))(((((.(((((((((((...)).)))).))))).).))))..........,-88.5,Hsa-Mir-337-as_pre,Hsa-Mir-337-as_pre;Hsa-Mir-337-v1_pre,2,positive
chr14|100874451-100874650|+,chr14,100874451,100874650,+,CCGAGCGCUUGCACUGCGCUUCCGGGAGGAGGGUUGCGGCCCGUAGUCAGUAGUUGGGGGGUGGGAACGGCUUCAUACAGGAGUUGAUGCACAGUUAUCCAGCUCCUAUAUGAUGCCUUUCUUCAUCCCCUUCAACCACGCGCAGCCCCCGGACCCUCCUCUGCACCCUUGGCUGCACGGGGACGCGUCCUCAAGUCCGC,((((((((.......)))))..)))..((.((((((((.(.........((.(((((((((((((((.(((.(((((.(((((((((((......))).)))))))).))))).))).))).))))))))..)))).)))))))))))))(((((.(((((((((((...)).)))).))))).).))))..........,-88.5,Hsa-Mir-337-v1_pre,Hsa-Mir-337-as_pre;Hsa-Mir-337-v1_pre,2,positive
chr14|100881001-100881200|+,chr14,100881001,100881200,+,UCGUUGUCCUGCUUGUCCUGCGAGGUGUCUUGCAGGCCGUCAUGCAGGCCACACUGACGGUAACGUUGCAGGUCGUCUUGCAGGGCUUCUCGCAAGACGACAUCCUCAUCACCAACGACGUGCAGCUCCAGGUAGCGGUUCUGACGCAGGGCAGGGAGGUGGCCCUCCUGGGGGGUGACUCUGACACCGAAGAACUCACA,(((.((((((.(((((((((((..(((.((((((........)))))).))).((((((....)))..)))((((((((((.(((...)))))))))))))....(((..(((....((.((......)).))...)))..)))))))))))))).))((.((((((...)))))).))...)))).)))..........,-78.9,Hsa-Mir-431_pre,Hsa-Mir-431_pre,1,positive
chr14|100881851-100882050|+,chr14,100881851,100882050,+,CAAAGUUGAAGUGGGAGAAGAAGAAGACCCAAUGCCCGGGGAGAAGUACGGUGAGCCUGUCAUUAUUCAGAGAGGCUAGAUCCUCUGUGUUGAGAAGGAUCAUGAUGGGCUCCUCGGUGUUCUCCAGGUAGCGGCACCACACCAUGAAGGCAGCCCGUAUUGGAAGAAUCUUCAUCUCCGCUUGAGAGUACUCAACCUCG,........((((((.(((.(((((....((((((((((..........)))..(((((.((........)).))))).((((((((......)).)))))).....((((((((((((((......(((......))))))))..).))).)))))))))))).....))))).)))))))))(((.((.....))))).,-68.2,Hsa-Mir-433_pre,Hsa-Mir-433_pre,1,positive
chr14|100882951-100883150|+,chr14,100882951,100883150,+,GUGGAGGGACACUCGUAAAAGGUCUCGCUGUGAUCACUGUCUCCAGCCUGCUGAAGCUCAGAGGGCUCUGAUUCAGAAAGAUCAUCGGAUCCGUCUGAGCUUGGCUGGUCGGAAGUCUCAUCAUCUGCUUCCUUCGGGUUAAACACGUCGGCCAGGUCUGAGUAUGGGUGUGGCAGUCCGGGUAGCAGGCUCAUGCCGUG,.....(((((.((......)))))))(((((.((..(((((((..(((((((((((((((((.((.((((((((.....))..)))))).)).))))))))(((((.(..((((((..........))))))..).)))))......)))).)))))..))).))))..)).)))))..........(((....)))...,-71.1,Hsa-Mir-127_pre,Hsa-Mir-127_pre,1,positive
chr14|100884451-100884650|+,chr14,100884451,100884650,+,GGAUCCCCCCUUGCCUGGUGUGAACCGUUGCAUGACUCCUCCAGGUCUUGGAGUAGGUCAUUGGGUGGAUCCUCUAUUUCCUUACGUGGGCCACUGGAUGGCUCCUCCAUGUCUUGGAGUAGAUCAGUGGGCAGCUCUUCCAUUUCCUGGAGUGGGCCACUGGGGGGCUCCUUCUUUUCCUGGGCUGGGCCGCUGGCUGG,(((.((((((.(((.((((....))))..))).((((.(((((((.(.(((((..(((((((.(((((.(((.(((......)).).)))))))).))))))).))))).).))))))).)).))(((((.(.(((((..........))))).).))))))))))).)))...........((((((....))))))..,-86.7,Hsa-Mir-432_pre,Hsa-Mir-432_pre,1,positive
chr14|100884651-100884850|+,chr14,100884651,100884850,+,CCCUGCCUCUCCCCGCACUCCACUGCCCGACGUCGCCUCGGUGGUGUUGGAUGAGCCCUCGGAGGACUCCAUUUGUUUUGAUGAUGGAUUCUUAUGCUCCAUCAUCGUCUCAAAUGAGUCUUCAGAGGGUUCUAUCAUUUCGUCGGAUGGAAAGGAGUGUAUUCUGAAGAUUGGUAAGGUUGUGAUGGCGUCCAGUCAGU,((.((((..((..((((((((.(((.((((((.((((.....))))...(((((((((((.((((((((.(((((...((((((((((.........))))))))))...))))))))))))).)))))))).)))....)))))).)))...))))))).....)..))..)))).))......((((.....))))..,-79.8,Hsa-Mir-136-v1_pre,Hsa-Mir-136-v1_pre,1,positive
chr14|100911101-100911300|+,chr14,100911101,100911300,+,GCAUUCCUCAUUCUACAAACCGUACAAGUCGGGGCACAAGACAGAGAAGCCAGGUCACGUCUCUGCAGUUACACAGCUCACGAGUGCCUGCUGGGGUGGAACCUGGUCUGUCUGUCUGUCUAACACCAGAGCUCGGGCGCUGCUGCAGAGGGAGCCAAGAUUUGGGUGAGGGAGGGGGCUCAGAGGUGGGAUGGAGGGUU,....((((((((((((...((...((((((..(((...(((((((.(.(((((((..((((((.((((...(((.........))).)))).))))))..))))))).).))))))).(((.....((((((......))).))).....))))))..)))))).....))(((....)))....))))))).)))))..,-72.0,Hsa-Mir-370_pre,Hsa-Mir-370_pre,1,positive
chr14|101022001-101022200|+,chr14,101022001,101022200,+,GAAGUGACGCCAACUUCAGGGGCAAGGCCCUGGUUCUGGGGUCAGCACCAUUCCGUGGUUCCUGAAGAGAUGGUAGACUAUGGAACGUAGGCGUUAUGAUUUCUGACCUAUGUAACAUGGUCCACUAACUCUCAGUAUCCAAUCCAUCCUCGGAGGGCUUCCUGGAGGUGUUGCCAACUUCAGGGAAGAGAACACGUGGU,....((((.(((...((((((......))))))...))).))))..((((...((((.(((((((.(((.((((.(((((((..(((((((((..........)).)))))))..))))))).)))).)))))))...((..(((......))).))((((((.(((((.......))))).)))))).))))))))))),-76.3,Hsa-Mir-154-P1_pre,Hsa-Mir-154-P1_pre,1,positive
chr14|101023251-101023450|+,chr14,101023251,101023450,+,CUGGUUCCACCCAGCUCAAGGCCUUGGAGGGCUUUCUGGAUGUGUCCUGAGCCUUUGUCCUCGGCAUCUCUGUGUGGUACUUGGAGAGAUAGUAGACCGUAUAGCGUACGCUUUAUCUGUGACGUAUGUAACACGGUCCACUAACCCUCAGUAUCAAAUCCAUCCCCGAGGCUCCUGGAAACAACGCUGUCUUCGGGGAG,..((((((((((((...(((((((....)))))))))))..)))....))))).....((((((..........(((((((..(((.(.((((.((((((...((((((((.........).)))))))...)))))).)))).).)))))))))).........))))))(((((.((((((....))).))).))))),-70.4,Hsa-Mir-154-P2-v1_pre,Hsa-Mir-154-P2-v1_pre,1,positive
chr14|101023751-101023950|+,chr14,101023751,101023950,+,GAGCCUUCUUCCAGCCACCACCACCACCAUCGUGCGGUACUUGAAGAAAUGGUUUACCGUCCCACAUACAUUUUGAAUAUGUAUGUGGGAUGGUAAACCGCUUCUUGGUAUCCAGCCCAGCCAUCCAAACCUCCCUGGAGAAAGCCUGGAGUUAGAGGAGAGCCACGGGUCUCGGCAUCCGCCAUGCCAUGGCACUUGGU,..(((((((((.((..(((..(((.......))).))).)).))))))..(((((((((((((((((((((.......))))))))))))))))))))).((((((....(((((....((..((((........))))....)))))))....)))))).((((..(((...(((....)))..))).))))....))),-79.2,Hsa-Mir-154-P3-v1_pre,Hsa-Mir-154-P3-v1_pre,1,positive
chr14|101024951-101025150|+,chr14,101024951,101025150,+,GGAGGUGAUGCUAGUGAGAGGAAAGAGACACCGGCUCUGACCUCAGCCCUCUCCAAGGUACCUGAAAAGAUGGUUGACCAUAGAACAUGCGCUAUCUCUGUGUCGUAUGUAAUAUGGUCCACAUCUUCUCAAUAUCAAAUUCAGUCAUAGAGGGCUUCCCAGAGAGAGGCAAAGUCACCUUCGUGGGAGACACACUGAUC,(((((((((........((((..((((.(....)))))..)))).((((((((...((((..(((.((((((...(((((((..(((((((.(((....))).)))))))..)))))))..)))))).))).))))...............(((...))).))))).)))...)))))))))(((.....))).......,-67.6,Hsa-Mir-154-P4_pre,Hsa-Mir-154-P4_pre,1,positive
chr14|101025501-101025700|+,chr14,101025501,101025700,+,GCGCAUUGUGAGGCUUUCUGGAGGUGAUAGCAGGUGAAAGGAAGAGAGCCAGGGGUCAGCGUCACUUCCUGGUAUUUGAAGAUGCGGUUGACCAUGGUGUGUACGCUUUAUUUGUGACGUAGGACACAUGGUCUACUUCUUCUCAAUAUCACAUCUCGCCUUGGAAGACUUCCAGGAGGUGAUAUCAGCUUUGCGGAAGA,.((((..((...(((((((((((((......((((((.((((((.((((.........)).)).))))))((((((.(((((...(((.(((((((.(((.(((((.........).))))..)))))))))).))))))))..)))))).....))))))......))))))))))))).......))..)))).....,-68.6,Hsa-Mir-154-P5_pre,Hsa-Mir-154-P5_pre,1,positive
chr14|101025651-101025850|+,chr14,101025651,101025850,+,ACAUCUCGCCUUGGAAGACUUCCAGGAGGUGAUAUCAGCUUUGCGGAAGAGCCACUGUCCUGGUGUCAGUACGGCUGCUGCUUGGUACUUGGAGAGAGGUGGUCCGUGGCGCGUUCGCUUUAUUUAUGGCGCACAUUACACGGUCGACCUCUUUGCAGUAUCUAAUCCCGCCUUGCAAGCUUUCCUGGAGCUAACAUCAA,.....(((((((((((...)))))..)))))).....((...((((((((((..((((.(((....))).))))..))).)))((((((.(.((((((((.(.(((((..(.((.((((........)))).)).)..))))).).)))))))).))))))).....))))...)).((((((...))))))........,-72.2,Hsa-Mir-154-P6a-v1_pre,Hsa-Mir-154-P6a-v1_pre,1,positive
chr14|101025951-101026150|+,chr14,101025951,101026150,+,CUUCUCAGCACACUGCUCUGGCUUGGCAGCAGGGUUAACUUGCGGACAAGGAGCGUGGUGUCAGCACGUGCCUGGAUACAUGAGAUGGUUGACCAGAGAGCACACGCUUUAUUUGUGCCGUUUGUGACCUGGUCCACUAACCCUCAGUAUCUAAUGCCCCCUUGGAGAACUUCCUGGAAGAGGUGUCAACUUUUUGGGAA,..((((.(((((((((.((..((((...(((((.....)))))...)))).)).)))))))..))....((.(((((((.((((.((((.((((((.(.(((.((((.........).))).)))..))))))).))))...)))))))))))..))..((..(((.....))).))(((((((....))))))))))).,-64.3,Hsa-Mir-154-P7_pre,Hsa-Mir-154-P7_pre,1,positive
chr14|101026751-101026950|+,chr14,101026751,101026950,+,AGAAUCAGUGGUGUUCUUGUCAGUGUUAAUCAGUGGUACCUGAAGAGAGGUUUUCUGGGUUUCUGUUUCUUUAAUGAGGACGAAACACACCUGGUUAACCUCUUUUCCAGUAUCAAAUCCCAUCUUGGAGGCCUUCUGGUCCAGACCUCAGCUUCAGGGAAGGGCGUUACUCUCAGCUCCAGUCCACUGGACAGAAAUCU,.(.(((((.(((.(((..(...(((........((((((..(((((((((((..((((((...((((((.((......)).)))))).))))))..)))))))))))..)))))).....))))..))).)))..))))).)(((..((.(.((((((((..((.(((......))).))..))).)))))).))..))),-60.4,Hsa-Mir-154-P8a_pre,Hsa-Mir-154-P8a_pre,1,positive
chr14|101027051-101027250|+,chr14,101027051,101027250,+,AUGUCAAGUUUGGGGAAGGAAUCAGUGGUGUUCUUGUCAGUGUUACUUGGUGGUACCUGAAGAGAGGUUUUCUGGGUUUCUGUUUCUUUAUUGAGGACGAAACACACCUGGUUAACCUCUUUUCCAGUAUCAAAUCCCAUCUUGGAGGCCUUCUGGUCCAGACCUCAGCUUCAGGGAAGGGGUGCUGUGGACAUAAAUAA,(((((((((...((.(((((..(....)..))))).))......))))..((((((..(((((((((((..((((((...((((((.((......)).)))))).))))))..)))))))))))..)))))).(((((.((((.(((((.....(((....)))...))))).)))).)))))......)))))......,-62.3,Hsa-Mir-154-P8b_pre,Hsa-Mir-154-P8b_pre,1,positive
chr14|101029601-101029800|+,chr14,101029601,101029800,+,UUUUUGUUUGUUUUUUGAUCAGUGCUAAUCUUCGAUACUCGAAGGAGAGGUUGUCCGUGUUGUCUUCUCUUUAUUUAUGAUGAAACAUACACGGGAAACCUCUUUUUUAGUAUCAAAUCCCACCCUGGAGGCACUUCCUGUUCCUGAUGCAGCCUUCAGGGAGGGACGUUGCCGGCUCCACUCUCGGUAGGCGCAAGCGA,...(((((((......(((........)))...((((((.((((((((((((.((((((((((.(((((.........)).)))))).))))))).))))))))))))))))))...((((.((((((((((...((........))....)))))))))).))))(((((((((........)))))).)))))))))),-73.3,Hsa-Mir-154-P9_pre,Hsa-Mir-154-P9_pre,1,positive
chr14|101030001-101030200|+,chr14,101030001,101030200,+,GACACGCUAGCAACGUCAUUGAAGGGACGAUGGUGCCAUCUGCUCUCCAGGGUAGCUGAGGGGAUGGUAGACCGGUGACGUGCACUUCAUUUACGAUGUAGGUCACCCGUUUGACUAUCCACCAGCGCCCGGUCCAUCUGUGGGAUGACAUCUUGGUGCACAUGGCAACUUCGGAGAAGAUGUGGGAGGACGUGGGGCCC,.............((((........))))..(((.((((.(.(((((..((((.((((.(.(((((((((((.((((((.((((..((......)))))).)))))).)))).))))))).)))))))))....(((((...)))))((((((((((((.....)).)))......)))))))))))).).)))).))).,-74.4,Hsa-Mir-154-P10_pre,Hsa-Mir-154-P10_pre,1,positive
chr14|101031951-101032150|+,chr14,101031951,101032150,+,CGGAGAAGCAGUGUUGUCAACGGUGCUGACGUGCGGUACUUAAUGAGAAGUUGCCCGUGUUUUUUUCGCUUUAUUUGUGACGAAACAUUCGCGGUGCACUUCUUUUUCAGUAUCCUAUUCUGCCUUGAAGACGUCUUGGUUUGGGUGCAACUUCAGGGAAGGCACAUGGGCCCCUGUAGUGGACGCUGAUCAGGACCUCC,.((((.((((.((((...)))).))))...(((.((((((.((.(((((((.(((((((..(.((((((.........).))))).)..))))).))))))))).)).)))))).)))(((.......))).(((((((((.(.((.((.((.(((((...((......))))))).)))).)).).))))))))))))),-69.3,Hsa-Mir-154-P11_pre,Hsa-Mir-154-P11_pre,1,positive
chr14|101033701-101033900|+,chr14,101033701,101033900,+,UCAGUGUCCCUUCACGCCCAGGUGUGCCUCUGGCAGGGAGGACGUGCUCAUCUCUGGUACCUGAAAAGAAGUUGCCCAUGUUAUUUUCGCUUUAUAUGUGACGAAACAAACAUGGUGCACUUCUUUUUCGGUAUCAAAUAUCUCCUUGAAGUGCCUCCAUCCCCGACGGGACCCUGAGCAUGGGACCUGGUGUCACUACC,((((.(((((.....((.((((.((.((((.((..(((.(((.(((((((....(((((((.((((((((((.(((((((((..((((((.........).)))))..))))))).)))))))))))).)))))))..........)).))))).))).))))))).)).)))))).))..)))))))))..........,-76.0,Hsa-Mir-154-P12_pre,Hsa-Mir-154-P12_pre,1,positive
chr14|101039301-101039500|+,chr14,101039301,101039500,+,UGAAUCAUGUUUGCGUUUGUGCUCUCCAGGGCUGUUCCCACUUUUCCCAUCUAAAAGGUGGAUGUUCCUUCUAUGCUUACAGGAUUUAUGGUGAAUCAUAGAGGAAAAUCCGCAUUUUCAGUAUCUAAGGCUGCUUUUAAAACAUUUCUGAACAUUUCUGAGAGGAAGGUUAGCUCCCUCCCCCAUGCGGAGAGUGAUGG,.............((((...(((((((.(((.....))).(((((.......)))))((((((.(((((.(((((.((((..........))))..)))))))))).)))))).....((((.......))))...........((((.(((...))).))))(((.((......)).))).......))))))))))).,-46.8,Hsa-Mir-376-P1_pre,Hsa-Mir-376-P1_pre,1,positive
chr14|101039601-101039800|+,chr14,101039601,101039800,+,GCCGACUGCACCUAUCCUGUGCUGUCUUUAAUUUUGAUAGAUUGUGCUUAGGUUCAUGCUUUCCAGGACUCAAUCCUUCUUUGGUAUUUAAAAGGUGGAUAUUCCUUCUAUGUUUAUGUUAUUUAUGGUUAAACAUAGAGGAAAUUCCACGUUUUCAGUAUCAAAUGCUGCUUGGAAACAUUCCUGGACUGAAACCACCA,...(((.((((.......)))).)))..((((((....))))))......(((.....(..(((((((.....(((...(((((((((.((((.(((((..(((((.(((((((((.............))))))))))))))..))))).)))).)))))))))........))).....)))))))..).....))).,-57.3,Hsa-Mir-376-P2_pre,Hsa-Mir-376-P2_pre,1,positive
chr14|101040001-101040200|+,chr14,101040001,101040200,+,GUGCUAUGUUACUUUUGUGUUUGAUGGAUUGUACUUAGGUUCGUGCUUUCCGGGAUGAAACCUUCUUUGGUAUUUAAAAGGUAGAUUUUCCUUCUAUGGUUACGUGUUUGAUGGUUAAUCAUAGAGGAAAAUCCACGUUUUCAGUAUCAAAUGCUGCCUUGGGAUCAUGGCUGGACUGAAGCCACCAUCAGGGACGUGAG,...........(((.(((.((((((((.........((((((((.((....)).))).)))))..(((((((((.((((.((.(((((((((.((((((((((((.....)))..)))))))))))))))))).)).)))).)))))))))....(((.((....)).)))(((.......))))))))))).))).))),-62.1,Hsa-Mir-376-P3_pre,Hsa-Mir-376-P3_pre,1,positive
chr14|101040151-101040350|+,chr14,101040151,101040350,+,AUGCUGCCUUGGGAUCAUGGCUGGACUGAAGCCACCAUCAGGGACGUGAGGUGGGGCUGAGCCCUCCAGGGUAAGUGGAAAGAUGGUGGGCCGCAGAACAUGUGCUGAGUUCGUGCCAUAUGUCUGCUGACCAUCACCUUUAGAAGCCCCCUUUCGCUGAGGAGCCAGCUUGGUGCACAGGCUGUGGUGUGUUGUCACAG,..((.((((..(.((((.((((((.((.......((.((((.((....(((.((((((..((((....))))......((((.((((((.(.(((((.(((((((.........).))))))))))).).)))))).))))...))))))))))).)))))))))))))))))).)..)))).))..((((....)))).,-74.0,Hsa-Mir-154-P14_pre,Hsa-Mir-154-P14_pre,1,positive
chr14|101040401-101040600|+,chr14,101040401,101040600,+,CAUGAACUGUGUUCAGAUUUGUCCUUUCCAGAGCCCAGUCCUUCUUUGGUAUUUAAAACGUGGAUAUUCCUUCUAUGUUUACGUGAUUCCUGGUUAAUCAUAGAGGAAAAUCCAUGUUUUCAGUAUCAAAUGCUGCUUUGGAAAUGUUUCUGGAAGAGACCGUAGGGCCUGAGUAGGUGCAAAGAUGGUAGGCCGCACGU,..(((((...))))).........((((((((((..(((.....(((((((((.(((((((((((.(((((.(((((...((..........))....)))))))))).))))))))))).))))))))).))))))))))))).((((((...))))))(((..((((((.....((......))..))))))..))).,-63.7,Hsa-Mir-376-P4_pre,Hsa-Mir-376-P4_pre,1,positive
chr14|101040701-101040900|+,chr14,101040701,101040900,+,UCGUCUGCCUCAUGUGACUUUCUUUUCUGAUGACUCAAGCACAGGUGCACGCUUUCCUGGAUGGAAUCCUUCUUUGGUAUUUAAAAGGUAGAUUCUCCUUCUAUGAGUACAUUAUUUAUGAUUAAUCAUAGAGGAAAAUCCACGUUUUCAGUAUCAAAUGCUGCUUUGAAAACCUCGGAGGACGUGAAGUCGCCAUGGAA,.........((((((((((((.((((((((....(((((((((((..........))))((.((...)).))(((((((((.((((.((.((((.((((.((((((...(((.....))).....)))))))))).)))).)).)))).)))))))))...))).)))).....))))))))...))))))).)))))..,-54.0,Hsa-Mir-376-P5_pre,Hsa-Mir-376-P5_pre,1,positive
chr14|101042901-101043100|+,chr14,101042901,101043100,+,GUCUCAGGCCUCGCAGGAGGAGAUGUCCACUCCGGCGAAGACCCGGCAUAGUCCUCACCUGCUCUUUGAGCCACUCUUUGGUACUUGAAGAGAGGAUACCCUUUGUAUGUUCACUUGAUUAAUGGCGAAUAUACAGGGGGAGACUCUUAUUUGCGUAUCAAACUCUGUCGAGGAAGACGCUCAGACCCUGCUGUCUCCAG,((((....(((((((((.((((.......))))((.((.(((........))).)).)).((((...)))).....((((((((.(((((((((..(.((((((((((((((.((........)).)))))))))))))))..))))).)))).)))))))).)))).))))).))))....((((......))))....,-67.2,Hsa-Mir-154-P16a_pre,Hsa-Mir-154-P16a_pre,1,positive
chr14|101044151-101044350|+,chr14,101044151,101044350,+,CUCCGGCAAAGACCCGGCAUGGUCCUCACCUGCUCUUUGAGCCACCCUUUGGUACUUAAAGAGAGGAUACCCUUUGUAUGUUCACUUGAUUAAUGGCGAAUAUACAGGGGGAGACUCUCAUUUGCGUAUCAAACUGUCGGAGAAGACACUCAUACCCUGCUUGUCUCCAGGACAAAGCCUCGGAUGUCAGCCCCUCUCAG,((((((((..((((......)))).......((((...)))).....((((((((.(((((((((..(.((((((((((((((.((........)).)))))))))))))))..))))).)))).)))))))).))))))))..((((.((.......((((((((...)))).))))....))))))............,-69.0,Hsa-Mir-154-P16b_pre,Hsa-Mir-154-P16b_pre,1,positive
chr14|101045851-101046050|+,chr14,101045851,101046050,+,GAUGAACCCCGGGAGAGGAGGCCGGCCCCGUGAAUGAUAGUGAGGAACCUGCCCAGUGCUAUUGUUUGGUACUUAAAGCGAGGUUGCCCUUUGUAUAUUCGGUUUAUUGACAUGGAAUAUACAAGGGCAAGCUCUCUGUGAGUAUCAAACCUUGUCUUGGACCCAGUCCACACUCAGCAAGGGAUGCGGUAUGUGUGUGC,......((((......)).))(((..(((.((..(((..(((.(((..(((.((((.((....((((((((((((.((.(((.((((((((.((((((((.((........)).)))))))))))))))).))).)).))))))))))))...)).))))...)))))).)))))).)).)))...)))...........,-73.0,Hsa-Mir-154-P17_pre,Hsa-Mir-154-P17_pre,1,positive
chr14|101047251-101047450|+,chr14,101047251,101047450,+,UUUGCCACGAAGCAGUCACCAUCUAACCUUGAGCCAAAGACCUGGAGGUGGUGGUCCGUGCUGCUGUUUCAUACUUGAGGAGAAAUUAUCCUUGGUGUGUUCGCUUUAUUUAUGAUGAAUCAUACAAGGACAAUUUCUUUUUGAGUAUCAAAUCUUGCCUCGGCAGACUUCCUGGACGCCAUGACAAGUUCUGUAAAGGG,..........((((((.((((((..(((((.((........)).)))))))))))....))))))((((.(((((((((((((((((.((((((.(((((((((.........).)))).)))))))))).))))))))))))))))).))))....(((..(((((((((.(((...))).))..)).)))))..))).,-63.2,Hsa-Mir-154-P19_pre,Hsa-Mir-154-P19_pre,1,positive
chr14|101047851-101048050|+,chr14,101047851,101048050,+,CACCAACUUUGGAGAAGAUGCCCAGCUCUUCUUGAUGGCACAGUUCUUUGGUGCUUAAAGAAUGGCUGUCCGUAGUAUGGUCUCUAUAUUUAUGAUGAUUAAUAUCGGACAACCAUUGUUUUAGUAUCCAAAUUUGCUUCAGAAGUUUUUGAAAGCACAGUGCUGACUUCAGUGAGGGGACAUUGGUGCCUGCCCCACCA,.........(.(((((((.((...))))))))).).(((((.....(((((((((.(((.(((((.((((((..((.(((((((.........)).)))))))..)))))).))))).))).)))).)))))..(((((((((....)))).)))))(((((.(..((((...))))..)))))))))))..........,-58.3,Hsa-Mir-154-P20_pre,Hsa-Mir-154-P20_pre,1,positive
chr14|101049501-101049700|+,chr14,101049501,101049700,+,UCUGGAAGCAAAGACAACGGUGGGGAAGAGGCCAUGGUUUUCGUUUCAGAACUAUGCAAGGAUAUUUGAGGAGAGGUUAUCCGUGUUAUGUUCGCUUCAUUCAUCAUGAAUAAUACAUGGUUAACCUCUUUUUGAAUAUCAGACUCUGCCUCGGAGGGCCGCCCCCACAGGAGACGUGAGAGUGUGUGCCUUGUGUGAGC,((((.((((...((.(((.((((........)))).))).))))))))))..(((((((((((((((((((((((((((.((((((..((((((............))))))..)))))).))))))))))))))))))((.((((((((((((.(((...)))))....)))..)).))))).))..)))))))))...,-68.3,Hsa-Mir-154-P21_pre,Hsa-Mir-154-P21_pre,1,positive
chr14|101052401-101052600|+,chr14,101052401,101052600,+,GAAGGCAGACUCUGGUGAAGACGUGGGCCGUCACCGUCAGCCUUCGGUACUUGAAGAGUGGUUAUCCCUGCUGUGUUCGCUUAAUUUAUGACGAAUCAUACAGGGACAUCCAGUUUUUCAGUAUCAAAUACUGCUUUGGAAGGCUUCCCGGACAGCGUCCCGCCUUCAGGCAAGGGGUCUUGGCUUCACCUCCCACCCAA,((((.((((((((..(((((..(((((.(((..(((..(((((((((((((.(((((.(((...((((((.(((((((((.........).)))).))))))))))...))).))))).)))))).............)))))))...)))...))).)))))))))).....)))))).)).)))).............,-74.7,Hsa-Mir-154-P23_pre,Hsa-Mir-154-P23_pre,1,positive
chr14|101054251-101054450|+,chr14,101054251,101054450,+,CCCUUGGAGAAGUGGAAGGGGACUCCUUGUCUGUCUUGUCUCUGCUUUUCUGUGGUACUUGAAGAGAAGUUGUUCGUGGUGGAUUCGCUUUACUUAUGACGAAUCAUUCACGGACAACACUUUUUUCAGUACCAAAUGCUACCUCUAAGGACUUCCUGGACACAAUGGCAGCUUCAGGAAAGAUAGUCUUUGUGUCAACC,.((((((((((((((((.(((((.........))))).).))))))).....(((((((.(((((((.(((((((((((..(((((((.........).))))))..)))))))))))..))))))))))))))........))))))))........(((((((.(((....((......))..))).)))))))....,-70.1,Hsa-Mir-154-P24_pre,Hsa-Mir-154-P24_pre,1,positive
chr14|101054601-101054800|+,chr14,101054601,101054800,+,CACCAGCGUCACCUCACAAGACUUUGAAGAGAGGCUCCCUGGGCCCCAGGCCGACUUCCAGAAGAGAUGUUGGUGUCAGCACCGUCCAGGGUGUGUGACUGGUUGACCAGAGGGGCAUGCACUGUGUUCACCCUGUGGGCCACCUAGUCACCAACCCUCAGCAUCACUCCCACUCCAGGAAGACUUUCCAGAGCUCCCAC,((((((((((...((....))((((((((...(((...((((...)))))))..))))..)))).))))))))))........((..(((((..((((((((.((.(((.((((((((.....))))...)))).)))..)).))))))))..)))))..))..........(((..((((....)))).))).......,-64.5,Hsa-Mir-134_pre,Hsa-Mir-134_pre,1,positive
chr14|101055351-101055550|+,chr14,101055351,101055550,+,GACUCCCGAGAAGGGCGGCCACCUCUGCCAGAGAGGCAAUGGAUUUCUCACCAGUGUUCAUGUGUGGUACUUGGAGAGAGGCUGGCCGUGAUGAAUUCGAUUCAUCAAAGCGAGUCAUACACGGCUCUCCUCUCUUUUAGUGUCAAAUUCUGCCUCGGAGGGCUUCCUGAGCCAGUGCUGCUUCCAAGGUAGGUUUCUGG,..(.(((.....))).)..........(((((((((((.(((........))).))))......(((((((.(((((((((..(((((((((((.((((...........)))))))).)))))))..))))))))).)))))))...(((((((.(((((.(..((((...))).)..)))))).)))))))))))))),-70.9,Hsa-Mir-154-P25_pre,Hsa-Mir-154-P25_pre,1,positive
chr14|101056151-101056350|+,chr14,101056151,101056350,+,CAGAGGCCACUCCCAAGCUGCCCAGGCUGUGCAGAAGAUGCAGGAAUGCUGCGAGCAGUGCCACCUCAUGGUACUCGGAGGGAGGUUGUCCGUGGUGAGUUCGCAUUAUUUAAUGAUGCCCAAUACACGGUCGACCUCUUUUCGGUAUCAGAUCUCACCAGGUGUCUUCUUGGACCUGAUGCCGAUUUAGGGGACACCAU,..((((.((((.....(((((.((..((.((((.....))))))..))..)).)))))))...)))).((((((.(((((((((((((.(((((........(((((((...)))))))......))))).)))))))))))))))))))..........(((((((((((((........)))....))))))))))..,-75.2,Hsa-Mir-154-P6b_pre,Hsa-Mir-154-P6b_pre,1,positive
chr14|101059701-101059900|+,chr14,101059701,101059900,+,CUGGAGGAGGCCAACUUUGGAGAACAGGCAUUGACAUUGGGUCUGCGCUAGCGUGUGGUACUUGAAGAUAGGUUAUCCGUGUUGCCUUCGCUUUAUUUGUGACGAAUCAUACACGGUUGACCUAUUUUUCAGUACCAAAUCCCGCCUUGGAGGGCUUCCUGGAGCGGAGUCUUACUUCAGGGUGUCAGCUCCUCUCCAGG,(((((((.(((..(((((((((...((((...(((.....)))(((....)))..(((((((.((((((((((((.((((((((.(.((((.......)))).)...)).)))))).)))))))))))).)))))))....((((((.(((.....))).)).)))).))))..)))))))))....))).).)))))).,-78.5,Hsa-Mir-154-P26_pre,Hsa-Mir-154-P26_pre,1,positive
chr14|101060501-101060700|+,chr14,101060501,101060700,+,GUUGCCACCUUCCUGACUCUCAGUAUCCCGUCCGUCCUCAGGCCUGCUGCUGGGACGCGCUGGAAGCGAGCACCCAAGUCAGGUACUCGAAUGGAGGUUGUCCAUGGUGUGUUCAUUUUAUUUAUGAUGAGUAUUACAUGGCCAAUCUCCUUUCGGUACUCAAUUCUUCUUGGGAAACGUCACGAGGGGAAAGCCCAGCC,(((..(.(((((.((((.(((.((.(((.((.(((((.(((........)))))))).)).))).)))))..((((((...(((((.((((.((((((((.(((((..(((((((((........)))))))))..))))).)))))))).)))))))))........))))))....)))).))))))..)))......,-77.7,Hsa-Mir-154-P28-v1_pre,Hsa-Mir-154-P28-v1_pre,1,positive
chr14|101062001-101062200|+,chr14,101062001,101062200,+,UGGUGAAGAGGCAUCUCGGUGUGUUCUUGCCCGUGCUGAUGUUUGACCCUUGAGCAGAGGUUGCCCUUGGUGAAUUCGCUUUAUUUAUGUUGAAUCACACAAAGGCAACUUUUGUUUGAGUAUCAAAUCCUGCUUGGGAUGGCUUCCGGGACCCAGUGGCAAGCUCAGGGGCAUCUACACCCCUCCCGUGAGCAAGAAUG,.(((((.((.((((....)))).)).)))))..((((.(((.((((..(((((((((((((((((.(((((((.(((((.........).)))))))).))).)))))))))))))))))..))))(((((....)))))((((((((........))).))))).(((((........)))))..))).))))......,-70.0,Hsa-Mir-154-P29_pre,Hsa-Mir-154-P29_pre,1,positive
chr14|101064451-101064650|+,chr14,101064451,101064650,+,CUCCACUUGUAGCAAGGCGCAGAGGGCUCUCUGAGCUCAUGCCAACGUCAGGGAAAGGAUUCUGCUGUCGGUCCCACUCCAAAGUUCACAGAAUGGGUGGUGGGCACAGAAUCUGGACUCUGCUUGUGGCAUCCAUCGUCUGGCCCGAUGCUUGCUGGCUGCCCGCUCCAGGAGGCACCUUCUGGGUGUUCUCUGAGUCU,........(((((..((((((..(((((...(((....((((((....(((((...((((((((.((((.(..((((((....((((...))))))))))).))))))))))))...)))))....))))))...)))...)))))..)))..))).)))))..((((..((((((((((...))))).)))))))))..,-78.1,Hsa-Mir-541_pre,Hsa-Mir-541_pre,1,positive
chr14|101065251-101065450|+,chr14,101065251,101065450,+,ACAGCCGCCUGCAAGCAUUCACCUUAGUCCGAGCAUCUGAGCCUCUCCAUGGUACUCGGGGAGAGGUUACCCGAGCAACUUUGCAUCUGGACGACGAAUGUUGCUCGGUGAACCCCUUUUCGGUAUCAAAUUCCACCAGGGAGGCCGUCUUGGAGGCUGGGGCACCUCGGGGAAGGACGCCGGCAUCAGCACCAUUCUGG,......(((.((...(.(((.(((..((((.(((.((((((((((((..((((((.(((((((.((((..((((((((((((((........).)))).)))))))))..)))).)))))))))))))..........)))))))....))))).))).)))).....)))))))...)).)))..(((.......))).,-72.2,Hsa-Mir-154-P30_pre,Hsa-Mir-154-P30_pre,1,positive
chr14|101065401-101065600|+,chr14,101065401,101065600,+,UGGAGGCUGGGGCACCUCGGGGAAGGACGCCGGCAUCAGCACCAUUCUGGGGUACGGGGAUGGAUGGUCGACCAGUUGGAAAGUAAUUGUUUCUAAUGUACUUCACCUGGUCCACUAGCCGUCCGUAUCCGCUGCAGCCUGUGGGGCCUGCGGGCCGGGGAGCCGAUCGCGCUUCAGCUCAGCGCCUUUCCUGGUACUUG,.((..((....)).))((((((((((.(((((((..(((.......)))((((((..((((((.((((.((((((.(((..((((((((....)))).))))))).)))))).)))).)))))))))))).(((((((((...))).))))))))))..((((.((.......)).)))).)))))))))))))......,-78.5,Hsa-Mir-154-P31_pre,Hsa-Mir-154-P31_pre,1,positive
chr14|101065551-101065750|+,chr14,101065551,101065750,+,CGGGCCGGGGAGCCGAUCGCGCUUCAGCUCAGCGCCUUUCCUGGUACUUGAAGGGAGAUCGACCGUGUUAUAUUCGCUUUAUUGACUUCGAAUAAUACAUGGUUGAUCUUUUCUCAGUAUCAAAUCUCACCUUGGAGGACCCGUUGGAGAUGAAGCCCUUUUGAGGGUAGGAGCAGGACGGGUGCUUUGGAGUCGCUGCC,..((((((....)))...(((((((((...(((((((.((((((((((.((.((((((((((((((((..((((((............))))))..)))))))))))))))).)))))))...(((((....(((.....)))...)))))...(((((....))))).....))))).))))))))))))).))).))),-77.8,Hsa-Mir-154-P32_pre,Hsa-Mir-154-P32_pre,1,positive
chr14|101065851-101066050|+,chr14,101065851,101066050,+,CCGGGGGCAGCGCUGGCACCACGGGACGCGGCAGCCACGUUCUUGAGCCGAUGGCACUCUGGGUACCUGAGAAGAGGUUGUCUGUGAUGAGUUCGCUUUUAUUAAUGACGAAUAUAACACAGAUGGCCUGUUUUCAGUACCGCUACCGCCCGGUGGUGUGCGGGCGCCACGCCUGAGGCGGGACUUUCCAGGGUACGUGA,.((((.(..(((((.(((((((.((..((((.(((...........(((...)))......(((((.((((((.((((((((((((.((.((((((..........).))))).)).)))))))))))).)))))))))))))).)))))).)))))..)).)))))..).))))..(((..((((....)))).)))..,-84.9,Hsa-Mir-154-P33_pre,Hsa-Mir-154-P33_pre,1,positive
chr14|101066651-101066850|+,chr14,101066651,101066850,+,GAGGCGGGUGGGUGGCAGGGCCCUUCCCUGUGGAAGAAGCCUCCUCCCUGGAGUCAGUGCUGCUCAGUGGUACCUGAAAUAGGUUGCCUGUGAGGUGUUCACUUUCUAUAUGAUGAAUAUUAUACAGUCAACCUCUUUCCGAUAUCGAAUCCCACCUUGGAUGCCUUCCUCUUUGCUGUCAACUCCAGGCAGCAGCUGGC,((((.(((((((.((..((((.(((((....)))))..)))))).)))........(((((((...)))))))..((((.((((((.(((((.((((((((...((.....)))))))))).))))).)))))).))))((....)).((((......)))))))).)))).((((((((.......)))))))).....,-71.6,Hsa-Mir-154-P34_pre,Hsa-Mir-154-P34_pre,1,positive
chr14|101560251-101560450|+,chr14,101560251,101560450,+,CUUGACGCGUCCGGGCGCCUCCGCGGUGAGUCGCGCCGCCGCUCUCGGGGUCCGCGAAGGUGGCUCAGUUCGGGCGCUCCAGUCUCGACGUUCCCGGGGUAGAGAGCAACGUCCGGGGACGAACGGGACGGGUGCGCCCAGCGGCCGGGGCUGCGCUGGGCGAGGCAAGCGGCGAGAGGGGAGCGCUCCGGCGUUCAGGC,(((((.(((.((((((((((((((((((.((...))))))))(((((....((((.....(.(((((((..((((((.((.((((((.((((((((((((........)).))))))))))..)))))).)).)))))).(((((....)))))))))))).).....))))))))))))).)))).)))))))))))).,-113.3,Hsa-Mir-1247_pre,Hsa-Mir-1247_pre,1,positive
chr14|104117351-104117550|+,chr14,104117351,104117550,+,GGGCGGUCCCAAGGGCGUCGGGGGCUCCUCUCUCCGCAGCUCGGCGAACCGACGGUGUUGGGGACUCGCGCGCUGGGUCCAGUGGUUCUUAACAGUUCAACAGUUCUGUAGCGCAAUUGUGAAAUGUUUAGGACCACUAGACCCGGCGGGCGCGGCGACAGCGACGGAGCGUCCCACGCGCGGCCUGGAGUCAGAGUCAC,(((....)))..(.((((.(((.(((((((((((((((.(((((....)))).).)).))))))(.(((.(((((((((.(((((((((.((((.((((.((((((......).))))))))).)))).))))))))).))))))))).))).)((....)))).))))).))).)))).)((((((....))).)))..,-99.9,Hsa-Mir-203-v1_pre,Hsa-Mir-203-v1_pre,1,positive
chr14|103384401-103384600|+,chr14,103384401,103384600,+,ACCCACAAGGUAGACUCGACUCUCGGUAACAGUUCGUGUCACCCCCAUCUCACACUACUCUCCCUCUUCGGACCCUGCACCCAUGGAUUCCAUCCACCGCUGGCCAGGAGCUGAGUAGAGGCACCGAGCACGUGAAGAGGUGAAUGGGCAAGGAAGGCUUCCAGGUCAGGUAGCAUUUCCAGUGUUCCAGCCUGCAGGCA,.((((...(((.(((.(((..((.(....))).))).))))))..((((((.(((..(((..(((((((((..((((...((((((((...)))))....))).))))..))))..)))))....)))...)))..))))))..))))........((((.(((((..((.((((((...)))))))).))))).)))).,-61.9,,,,negative
chr14|24818401-24818600|+,chr14,24818401,24818600,+,UCACGCAGGAAAUGCCCUUCUCUGGAUUCAGGGGCAGCAGGGAGUAUUGCUGACAGCUCAGCGCUGGUCCGGUCAAGCUCAGAGCCCCAGAAUUGAGGCCCUGAAAUAACAAUCGACCCCUCUCCGAGGGAAAACUAGCCCCGAGGUGCGUAGUUCCCUGGGACUGGGGCUUGCUUUGUGUCUGGUGAAGAGAUAAGGAC,....(((.....)))((((((((....(((((.((((((((((.((.((((((....)))))).)).))((((.....((((.(((.((....)).))).)))).......)))).((((..(((.(((((..((((((((...)).)).))))))))).)))..)))))))))..))).)))))...)))))..)))..,-74.3,,,,negative
chr14|62126401-62126600|+,chr14,62126401,62126600,+,GACUGUGUAGGUAUAGUAGUAGCAACUAUUGUCUUUGCUUCAGUUCACUUGUGAAUUAUCAUGACAUAUUCAUUUCUUUUAAGAUCAGAUACACCACUGUUUUAAAAUUCUUCAUUCCCUUAACAAAACAUAACAACUAUAACUUAAGGCUUUCUUGGGUUAAUAAUCCACAGUGAUGUCAGUGGAAAACUGGAAUGCUU,.((((.(((((.((((((((....)))))))).)))))..))))(((((.(((.(((((.((((.....))))...((((((((.(((........)))))))))))................................(((((((((.....)))))))))))))).))))))))..(((((.....))))).......,-38.7,,,,negative
chr14|77518151-77518350|+,chr14,77518151,77518350,+,UCUCCCGUCCAAAGGCGCUGCAAAGGGGAAAACAAGAACAGAAACCAGGAGGAGUGAAAAAGCACUCAUUACAGAGGACCUGCUGUCCUCAAAGAUUUCAACUCUUUGGUGAUGCAGGCAUUGGAGACUUCUAAUAGGAGUUUCCUUUAACUCCUUUUAAAGUUAAAAUUGACAGCUCACAAAUACUUUUAAAGUCAAUC,(((((((((....)))).......))))).............(((.(((((((((.........(((......)))..(((((.(((.(((((((.......))))))).))))))))....((((((((((...))))))))))....)))))))))...)))...((((((....................)))))).,-50.7,,,,negative
chr14|74863501-74863700|+,chr14,74863501,74863700,+,GCGGUGUGGGAAGGUUCUGCUUCCUCUUCCUCUCUCGGGCCUUCUUUGGGCAGCGUGGGCUGACCCCAGCUUGCGCAUUGCCUGGCACCAGAGGAUUCGGGGAGAGACACAUGCCUCGGACAAUGGUCUCCACUCUGGCCCUCUUUGCCUGGAUGUGCUCAUCACCAAACCAUUCGGGGUCUGUAGGGCUGGAGCUGGGG,(.(((((((((((......)))))(((((((((((.(((((......(((((((((((((((....))))))))))..)))))))).)))))).....)))))))....)))))).)((((....))))((((((((((((((....((((((((...............))))))))....).)))))))))).)))..,-85.3,,,,negative
chr14|60648701-60648900|+,chr14,60648701,60648900,+,GAGGCCGGUGGCCUCGGCCAGCUCCCGCUUCUCACGCGGCGAUGGGUAGGGAUUGUGCGCGUACCACUCCCGCAGGACACCCCUCGACUUCUCCUUGAAGCAGUAGCUGGUCUCCUCGCCGUCCCAGAUGGUGCGCGGCAGUGGAAAUUUUCGGCGCACCCGAUAUUUGCCCACGGCGCCCAGGGGUCGGCCGCGCAGCU,((((((...))))))(((..((..((((((((...(((.((.((((((((.(((((((((...(((((.((((((((.(((.(((..((((.....))))..).))..))).))))(((((((...))))))).)))).))))).........))))))..))).)))))))))).)))..))))).)))..))...))),-85.3,,,,negative
chr14|96263951-96264150|+,chr14,96263951,96264150,+,UGCCCUUCUGGGCAGAGAAUAUCUGGAACCAGUUUAACUGGCCUUUCGGAGCCCUCCUCUGCCGUGUCAUCAACGGGGUCAUCAAGGCCAAUUUGUUCAUCAGCAUCUUCCUGGUGGUGGCCAUCAGCCAGGACCGCUACCGCGUGCUGGUGCACCCUAUGGCCAGCCGGAGGCAGCAGCGGCGGAGGCAGGCCCGGGUC,(((((....)))))..........((..(((((...))))))).(((((.(((..((((((((((((..((..(((((((((..(((.......((.(((((((((.....(((((((((((........)).))))))))).))))))))).)))))))))))..)))..))..))).)))))))))..))))))))..,-87.2,,,,negative
chr14|103889351-103889550|+,chr14,103889351,103889550,+,AGAACAUGACUCACCUCGUGCAGUGACCAGCUCUGCUCUGCCAGCUCCUCUGUGUACAUGGGGGAAAUAGGCCGCCAGUGCACACGUUGGUCUGGGACUGAGGGAUCACGCAUAUGGCUCAGUGGGGUGCUGCCUGAGGGCCGGUCCACUCACGCCACCCAGACACCAAGGGCAGGGUGGAAGCAAGGUCUCUUUUUCCU,....(((((......))))).((.((((.(((((((((((((........(((((((.(((.((.......)).)))))))))).....(((((((.((((((((((........(((((..((((......)))).)))))))))).)))).)...)))))))......)))))))))).)))..)))).)).......,-78.5,,,,negative
chr14|77457101-77457300|+,chr14,77457101,77457300,+,GUCAGACUUGGUUUCAAUUAUCUUCCGAGCCAGGAAGAUACAGGUGAGGCUUGUGAACUGAGACCAGGGAACAAGAGUUAAGCUAGGAUGACUCUACGGGUGAACGUCCAGGAAGCCAUGGAUCUACCGCAGUCGUCAGAGCCCAGCGGAUCCCUGGCAGAGUUAAAUGCUCGUUCUGAACCAAAUGUCCGCUUCCGAAC,.((((((..(((((((..((((((((......))))))))....))))))).))...))))..(((((((......(((..(((..(((((((.....((((...(((((((...)).))))).))))..)))))))..)))..)))...)))))))..((((.....))))((((.(((.(........).))).)))),-63.8,,,,negative
chr14|105011351-105011550|+,chr14,105011351,105011550,+,UGUGUCCAGGUCGUAGUAGGGGCUGUCCACGUCUGAGAACAGCUCUUCCAUGCAGCUGGGGUUUUUAGUCUCCAGCGUUUCAAAUAUCUGAUCAAGUGACUUGUGAAAGCUUCCUCUGUUUUCUCGAGGGCCAUCCAUCUCCCAGGCGCUGCUCUGCAGGUGCCUUGGUGCCUGUGCUGAGGUGACUGGGCAAAGGUCAG,........((((((((.((((((((((((....)).).))))))))).).))).(((((((........)))))))...(((......)))........((((.((((((.......)))))).))))))))........((.(((((((((...))).)))))).)).((((.((((.((....)).)))).))))...,-67.6,,,,negative
chr14|100668751-100668950|+,chr14,100668751,100668950,+,UUCUCUGUGCUCUGCUCCAUUCAUCUGGGCUGGGUCUCAGGAUGUCCCAUCCCCCAAGUUCCCCUGUGUCUGGGGUUCCUAGGUUUGGGUUCUUGCCCACCUGCCUCUCUGCCUCAGGAGGACGGAGUGGCCGCAUGAGGAGGGGGCUUUGAUUGGGGGUCUGGCUGUGACCGGUGCUUUGCUUGGUUACUGAUCAUGGG,.((.(((.((((.((.(((......))))).))))..)))))....(((.((((((((((((((((((((((((...)))))...(((((....)))))...(((.((((((((....))).))))).))).))))..)).))))))).....))))))..)))((((((.(((((((......)).))))).)))))).,-76.1,,,,negative
chr14|100728051-100728250|+,chr14,100728051,100728250,+,CUCAACAUAUUUCCCUCCACGGUCCCCGUCCCCGCUGUUAGGAGGACUUGAGGUGUCGUAUUUGCUUUUGGGAGUCCGAGGAGAAGGUGUUUCUCCUGCUCCUAAGAACGAGGGAGAGUGUACUGUGGUCAUUUCAUUGCUGGGAACGUGGCAGAGAUGUUUUUCCUGAGUGCACUGAGCCCCAUCCAUGCUCGGAUAGG,((((.....((((((((.((((.(((.((((((.......)).))))..).))..))))......((((((((((...(((((((.....)))))))))))))))))..))))))))(((((((..((.((((((..(((((......))))))))))).....))..))))))))))).((.((((......)))).)),-66.9,,,,negative
chr14|106007651-106007850|+,chr14,106007651,106007850,+,UGCGGAUCUGCUGAGGUUCACACUCCUGGAAGGACAGAUCUUGGAGGGUUUGGAGGAGGAAGCAGCCACUGUCGGUGACUCAGGAUCUGCUGCUCUGCGGGUCACCUCGUUGGCAAGUAACAGUGGGCAGGUGAGUGUGGUUCAUCCCCUACAGGGACACCAGGCUUCCAAAUGCCCCUCUUCACCAGGAAAGAAAGUGG,((.((((((....)))))).)).((((((.....(((((((....)))))))(((((((.....((((.((..((((((((.(((.(....).)))..)))))))).)).))))...........((((((.((((.((((...((((.....)))).)))).))))))...))))))))))).))))))..........,-72.5,,,,negative
chr14|19163801-19164000|+,chr14,19163801,19164000,+,AAUGUAGACAUGAGGCCUGGGCAUCCACCUAGGACCUCAUGUUAAGAUAGGGGCUGGAGUUCUUUUGGUGUCUAGUGUAUACCUGGGGCUCAGAUGUAAAACUAGAGCCUGAUGUUUCAGAUGGAAACCUGGGCCCCAGGUGCUCAUCAGAUCCUAGGUGAAAACUCAGUCUUCAGGUGCACGUCAGACUCCAAGUGGAC,......(((((((((((((((......)))))).)))))))))......(((((((.(((((.(((((.((((.(((..((((((((((((((........((.((((.....)))).))........))))))))))))))..))).)))).))))).))..))))))))))...((.(((............))).)),-76.7,,,,negative
chr14|69525551-69525750|+,chr14,69525551,69525750,+,UAGCUCACUGCAGCCUCGCUCUGUUUGUGAGAGCAUCUAAAUAUGCUCUUGGGCUGGUUCCUGUUGGGUGUUUUUCACGUAAGCCCACUAUGUCUCCUCAUUCACCCCUGGAGGAACCAGGACCCCAGAAGAUCAUGCGACCCCGUUCUAGUAGGUGCCGUCUCCACUGGAAGGCACUUUGGGUUCCUUUAUGACUCUUG,....((((.((((.......))))..))))((((((......))))))((((((((((((((.(.(((((......(((((.......))))).........)))))..).)))))))))...)))))(((((((((.((.((((.......(((((((.(((.....))).))))))))))).))...))))).)))).,-65.2,,,,negative
chr14|100503601-100503800|+,chr14,100503601,100503800,+,UGGUGGUUUCUAUAGAAACCACUGGCACCUAGGUAGGAGAAUUGCCGGGCUCCCCGGCUUCACUUACACAUCACAACCUUGUCCCCAGCCCUGGCCACCUCAGCCCCCGUCCCCGAAGACUGCUGGAUUCCCGUUGGCAGAGCGGGGUUGGGUUCUGGACAGAUGGGACAGAUGCAUGCUACCGCAGGUGUAAUUCGCUU,.(((((((((....))))))))).((((((.((((((((....((((((...))))))....)))...((((.......((((((.....(((.(((....(((((....(((((....(((((((....))...)))))..)))))..))))).))).)))..))))))))))....)))))..)))))).........,-76.1,,,,negative
chr14|56491501-56491700|+,chr14,56491501,56491700,+,GACCUCAAGAUGGCAGUGGAGAAAUACUCCAAAUGAAUUUCCUGAGGUCACCCCCCGAUCCAGCGAAGGACCACUGUAAUGGUUGGUUAGCUAUGAGGACAGUUUCAGCGCCACAUCGGGUCAGUUACCAUGACAGCUGGAAAGCUCUCCUGGAAUCUAUGAGUUUCUAGCUGUCCUGUCGCCAGAGAUGACAAGUGACU,(((((((.((...((.(((((.....)))))..))....)).)))))))....((((((...(((..(((..(((((.((((((....))))))....))))))))..)))...))))))..((((((...((((((((((((.(((.............))))))))))))))).(((((.......))))).)))))),-67.1,,,,negative
chr14|93631351-93631550|+,chr14,93631351,93631550,+,CAUAUUCCCAAAGUCAUGACUGAAUUUAGCUCUUUUGGAUUGGAGAGUGGAAAUGGCACGACAUUUUACAGGACCUGUAGGAGGCGAGUAUUUUGAAACUGGCUUCUGUUACUGGGUCCUAGAUUUUGUCCAUGGGAGCUUGAGUUCCACUGAAGUUCCAUAAGCAUGUCCACAUGUCUCAGUGGGGUUAAUUACGAGAC,..((.(((((....((((((.((((((((((((((......))))))).((((((......))))))...(((((((((((((((.(((........))).))))))..))).))))))))))))).)).))))(((((((.(((...))).)))))))....(((((....))))).....))))).))..........,-62.1,,,,negative
chr14|22589501-22589700|+,chr14,22589501,22589700,+,AAGCUUUACUGGGGACCGCGUAGCUAACCAGAGGUAUCCGGCUCUCUCUGGUCCUUCUGAGUCCUGGAAGAUUUAACGGUUUGCAUCUACUUUGAGGCAAUGCCUGGCGUUCCUGGGGUUUGAUACCAGCCUGACCCUAAUUCUGUUAAGGGCGCUGUCUGCAGAUGUCUGUCACAGAUCAUUGGAACAAGUCAAGUUCA,.(((((.(((((((((((.(.((((.(((...)))....))))..)..)))))))).((((((......))))))..(((((((.((......)).)))).)))....((((((((((((.(........).)))))))..(((((...((((((((....))).)))))...))))).....))))).))).)))))..,-55.3,,,,negative
chr14|94772201-94772400|+,chr14,94772201,94772400,+,CAGGGCAGAUACUCCCCCACCAAUCUUUCCCAGGUUUAAAGCUACAGGGCAGUUGAUGGACGACAACUAGAGGCUGCAACUUAUCAGUGACUGCCUGCGUUUGUGUUGGAGGCUGGGUGUGCGCUGCGGUGCGCGUGUGAGUGGAUCUUUUAAGACCUUUGUCUGAGCCGGGCAGAGGCACAAGUGCCACCUGACGCUUG,..(((.((...)).)))...........(((((.(((..(((.((((((((((((........)))))..((((.(..(((....)))..).)))))).)))))))).))).))))).((((((....))))))((((.(((((..(((....(.((((((((((...)))))))))))..)))..))).)).))))...,-64.1,,,,negative
chr14|106531051-106531250|+,chr14,106531051,106531250,+,GAAGCAUCUACCAUGCAGGGAGGUUUGUGUCUCCCUGCAGGCAGGUUUGUGUCUGAGCUCACACAGAUGUCCCCUCACCGUGUCCCUCACAGUAAUAAACGGAAUUUUCCUGAGCUCUCAGGUUAAUCAUCUUAAGAGAGAAUCAUCUGAAAAGCGUGUCUCUGAGGACUGUUAAUCUUCUUUGUACUCAAGGAGAGUCC,.......((.((.((((((((((......)))))))))))).))((((((..(((.....((((.(.((......))).))))......)))..))))))(((.((((((((((..(..((((((((..((((.(((((....(((((....)).)))))))).))))..)))))))).....)..))).)))))))))),-58.7,,,,negative
chr14|101884901-101885100|+,chr14,101884901,101885100,+,ACCAAGUGAAUGUCAAUAGAGGAAACAGUUCCUGUUGUUUCUUUUUGUUCCUGGAAAGUUCACUAAAUGAGCAGUUUCUUCUACAAGUUACAGCUUCUCUGGUCAGCUUGCCUCUAAGGCAUCUGACUCCAGGAUGUUGCGAGGUAGUGACACAUCCUGGUGAUGGUGGGGACGGUAUGAUGGCGUGUCUCUGUGAGAUA,(((((((((((.((((((((((((((((......))))))).)))))))....))..)))))))....((((.((..(((....)))..)).))))....((((((..(((((...))))).))))))(((((((((.((......))...)))))))))...))))(((((((((......)).)))))))........,-60.5,,,,negative
chr14|22278851-22279050|+,chr14,22278851,22279050,+,GGACCAGGGACCCUGAGUGUUCUUUCGUCAAGACCCACUCAUCUAAGAGGGGCUGUCUCAAUGAUUGGAGCGGCUUCUCCCACUUGUGCCAUUAAUUGCUGGUAUGCCUCAGUUUUUGCAUCUGUAAAAAUUCUCCCACGAGAACCUGAGAGUAGGCGUGUGAUACUCACAUAUUUUUCUCCUAGUUUUUACUUUUUAUA,......((((...((((((.((((.....))))..)))))).....(((((((((.(((........))))))))))))......((((((........)))))).....(((((((((....))))))))).))))..((((((..(((((.(((.((((((...)))))).))))))))...))))))..........,-53.4,,,,negative
chr14|88480101-88480300|+,chr14,88480101,88480300,+,ACGGGGGUAUCACGGCGCUGUGCCGAUGGGACGGGAGGUAGUCAGGCCUCAUGACGUCACUCCCGGUGAUGCUAGGGUUGGACGACAUCGGCGAGGGCUGCAAGUAGGGCUGAGGAUUAUUUAAGGAGUUGGUGCUGUGUGCACUGUAGACACUGCCAUUACGGAUCCGACCGUUGAGGUCAAUCUGGGCUCUAUCCAAG,............((((.((.((((((((......(((((......)))))....((((...((((((...))).)))...)))).)))))))))).))))...((((((((.(((....(((((.(.(((((..(((((.(((.((....)).)))...)))))..)))))).))))).....))).)))))))).....,-71.9,,,,negative
chr14|106760001-106760200|+,chr14,106760001,106760200,+,UUUAAGCUGAUUCUCCUGGGAAGUUGCUAAUGAAAUCAUUCCAGUGAUGCUCUGACACAGGAUUUUGGAGAGGACGUUGACCCCUGGUUGUCGCUGUCAGCAACACGGGUGCUCAACCCUCGUGGGUGCCUUUGUUACUGUUUUGUCCACAAGAGAUUUUAGGCUGUCACGUGCUGCAUGCAGGUGAGUUUUUAACCCUC,....((((...((((.(((((.((((((((((....))))..))))))((..(((((.(((((((....((((..(((((.((((((((((........))))).)))).).)))))))))..)))).))).)))))..))....))).)).)))).....)))).((((.(((.....))).)))).............,-55.0,,,,negative
chr14|64716751-64716950|+,chr14,64716751,64716950,+,GAGGUCGGGGCAGAUCGACUGCAAAUCAAGGCCUCACUUUUCAAGGAGUAGACGCUGCUUCCUCGGCCGUGUCUCUACACGUGUGCACCCCAGAAUUGGGAUUGGGUAAUACUGCCCCACCGGUCUGAAUUCUGGUCCAUGUACGCUCCCAGCUGAGGCAGGAAGUGCCCCUCCUCUACCCAGGAACUGGUUGGAUGAGU,((((((..(((((.....))))....)..))))))........(((((..(.((((.((((((((((.((((....))))(((((((..((((((((.((((((((((....)))))....))))).))))))))....))))))).....))))))).))).)))))..)))))(((.((((...)))).)))......,-75.4,,,,negative
chr14|94175601-94175800|+,chr14,94175601,94175800,+,CCUCCCCCACUCCAGAUCUUGUCCUUUUCAUGCCUACUCGGCUGCAGUCUUCAUCCAUCUCCCUUUUAGCAUUUCUUGGGGUGGAAAAUGCUGGAGAAAUAGCCUUGAAGUAUUAGAGAUAAAAAGUGUGUGUAUUCGUUUUAUAACAUGCGUAUGAAAUGGAUUUCAGCCAAGGUUCUGAAGCCACGAUGUGAUUUUCA,.........((.((((((((((((.((((((((.((((((((((...((((((((((((((................))))))))......))))))..)))))..).)))).............(((((((((.......))).)))))))))))))).))).......))))).)))).)).(((...))).......,-42.4,,,,negative
chr14|71967351-71967550|+,chr14,71967351,71967550,+,ACCAUGGUUGUACUUGAACUAUGGGAUUUUCAUAUAGUUUUCUACUCCUGAUGCUGUAGGCUGCCUUUUGGCUACAACCAAGAACUUACUUGCUGUAGGACAUUAUCCUCAAGGUAUCAUCAGUAAGGGUUGGAUUGUGAAGCCAAUGACAAUUCAAAGCAUUUUCUUUGGAAGUCCUUUUGUGUAAUCAAUUAUUCAAA,.((((((((.......))))))))((((..((((.((.((((((.....((((((......((.(..((((((((((((((...((((((((((..((((.....))))...)))).....))))))..)))).))))..)))))).).))......)))))).....))))))..))..)))).))))...........,-49.8,,,,negative
chr14|102780601-102780800|+,chr14,102780601,102780800,+,AAAUGUUGAUGCCUGUUGGUUUCUAUCAACUUUAGGAAUCAGGUUGGAAUCGAUGCUGCAUUCUGUAUUCCUCGAGAUAAGUGGAUUGUUAAUUGGGACUUGGGAGUCUUUUUCUCAUUUAAUUAAUAUUCAGUUAAUGUGCCCUGAGUUCUCAUAAUGUUCUGGUUACCGUGCUGGGAAGAGUGAGACACAGCACCCAU,....(((((((((....)))....))))))...((((((((((.((.(........).)).)))).)))))).....(((.(((((.((((((((((...((((((.....))))))))))))))))))))).)))..((((..((...((((((....(((((((......)))))))...))))))))..))))....,-50.7,,,,negative
chr14|103530751-103530950|+,chr14,103530751,103530950,+,UCACCUGCUACCAAUGAAUGUGAGCACCAUUGUUGAGUCCAGGGCCUGGGCUGUGGGAACCCCUGCACAUAUACAGGUGCUGGGGCCGCCCAGUGUGGCGAUUGAAGCCAAGAUUGGCCCCAGGCGCUGAUGCAUCUAGGUUGUUGGUGGCGUGUUCCUCCCGGGCAGGAGAGCUAGGGUCCAGGUUCACGAAGAGUGCC,.((((((((((((((((....(((((.((....))....(((.(((((((..((((...((((.((((........)))).))))))))(((((.((((.......))))..))))).))))))).))).))).))....)))))))))))(((..((((((.(((......))).)))...)))..)))..)).)))..,-79.6,,,,negative
chr14|56292001-56292200|+,chr14,56292001,56292200,+,UGGAGUCCGUGGGGAGCGCCUUUGUCCAGGAGGGCAUAUCACAGGAUGAGUUUCUCGUCCACUCUGGUUAUUGUGUAAUGACCCUUCUCAGGCUGCUAUGUGUGCUGGAGAAUUUUACAGUGCGACUGAAAAGAACGAACUCCAAAAAUGGCUUGUAUUAAUGAGUUGUAUUAAAUAUACAGGCUAUUUUUGAAGUUAGU,.(.((.((.(((((((.((((((......))))))........(((((((...))))))).....(((((((....)))))))))))))))))).)....(((((((..........)))))))..........((.((((.((((((((((((((((...(((......)))...)))))))))))))))).)))).)),-63.2,,,,negative
chr14|31990651-31990850|+,chr14,31990651,31990850,+,ACAGUCUCCGAAGGAAUAAUUUCCUAAUCCUUUACUCUGCAUCACCACAACCUUCUCACUGUCUCCUUUCAGAGGGGACCAAUGAAAACAGCUCUGUUCUUAACGAAUGCUUUCCUAUUUGUUGGGAUAAAUGGUGACAUUUGGUGUAAUGGUAUUGCAGGUCAGUUUGAAUAAUUGCUUGCUGUGAAGAGAUCCUGAAG,.(((((((...(((((....)))))...((.((((.(((..((((((........(((..((((((((...))))))))...)))..(((....)))((((((((((((......))))))))))))....))))))....))).)))).))(((.(((((.(((((.....)))))))))).)))..))))..)))...,-50.0,,,,negative
chr14|71872201-71872400|+,chr14,71872201,71872400,+,GAAAAAUGAGCAGUUUUCUACACUUCCAUCCACAGGAUCAGAUAAAAGAAGAACUGAUUCGGUGACUCAGGGCUUCCUUCUGCUGCUGACACUCCUACCCUCUUGCCUAUGGUACACAGUUUCCAGGACUAGGUUUGCCUGAUCUAUGUGGCAUGGCGGGACUCUGAUCAGGAUGGAAAGGGGGAGUGAUUCCUUUUCUU,(((((..(((((.((((((....((((((((....(((((((.....(((.......)))((((..(((((((........))).)))))))).......(((((((.(((.((((.((....((((.(.......)))))..)).)))).)))))))))).))))))).)))))))).)))))).)).))).)))))..,-59.1,,,,negative
chr14|69888451-69888650|+,chr14,69888451,69888650,+,AUGGGGCAGCCUCUCUAAGACAGGAAAGGUAGCUCUCAUCUCAGUAGAGCCUUUCCCACCACCAGGGAGCACUGGGACUGAGCAAAGUUCCAUGAGGUCAGGCAUAAUGUGUUUUGAAACCUGACAAAUUAUCUAGAGGUUUGAACAACUACGCCUCGCCUCCUUAAAAUCUAUUUUACACUACGGUGUUGAUUGGAUUC,(((((((.((((.(((......))).)))).((((...(((((((...((...((((.......)))))))))))))..))))...)))))))(((((.((((......(((((..((((((..............))))))))))).....)))).))))).....((((((.((.((((....)))).)).)))))).,-62.7,,,,negative
chr14|55759851-55760050|+,chr14,55759851,55760050,+,GUGCUUAGGUGUUUUAAAUGUCACCUGGCUGGGGUACCCAGAAUCUAGAGGUCAAGCAUUUGAUUGUGAUACCCCAAGAUACCUGUUGAGGGGUUGGCGUGGGGCCAGGAGGAAGGAGACUGUGAAUCAUACAUGUCUACUCCCCACCCUGCUCAUCUUUCUUUGCCAGUAAAAUUUGACCAAAAUGAGCACCCAAGCUA,..((((.(((((((.....((((.((((((((((((..((.((((.(((.((...)).))))))).)).)))))))...........(((((((.((.((((((...((.(((.(.((((((((.....)))).)))).)))))).)))))))))))))))...))))).......))))......))))))).))))..,-63.5,,,,negative
chr14|72138251-72138450|+,chr14,72138251,72138450,+,CAGAAUGCAAGUGUAAACUUGACCAGGGAACCUGCGGAGAUGGAGAAGUUUGACACCUCUCCAGCAGCAUCAUAGAAAUGAACAUCAUGAGCGCAUUGAGGGGGAGGGUUAAUGUCUUCAUCGUUCUUCCUCUGGUAGAAUUAUAUUUGCAUCCUUCCUGGUGGAAACUUGAUACUUCACUGUAGUGCACCUGUACCUGU,(((.((((((((((((.....(((((((((.....(((((((((((...(((((.(((((((..((((.((((.((........))))))..))..))..))))))))))))..)))))))).))))))).)))))....))))))))))))..((((....))))((.(((....)))..)).((((....))))))).,-64.4,,,,negative
chr14|56413051-56413250|+,chr14,56413051,56413250,+,AUUUAGUAACUGAAAUAACCUCCGUGGCUUGCAGAGUUUAUGGCCAAUUUGUCUUCAUUGCACCGAAUUCAACUGCUUUUCUUUGCUAAGGAAUGGGCCUUGCUUAUUAUGCUCCUUCUUUGCACCAGAGGGAAUCAGUGUGUUGUCUACAGACCCAAUGCAGAUAGUGGGUGGCUAUGAGUGGCUCAGGACCAUGAAAG,.(((((...)))))........(((((((((.((.(((((((((((..((((((.(((((...........((((.(((((((((.(((((((.((((.(........).)))).)))))))...))))))))).)))).....(((....))).))))).))))))....)))))))))))..)))))).)))))....,-52.9,,,,negative
chr14|98879801-98880000|+,chr14,98879801,98880000,+,AAUGUUUUGGAAAUAUGUCCAGAGGCUUCUUUCAUUUCAUGGUAUGACCGGGGCGUUCUUUUCUAUUCACCUCGUAUGCCUGCAGGAGAAUGAGAAUGCACCAUGCAGGCAUUGUGCUGGCCGAAAGGAACCAGACGGCUUUAAGGCACGGGAGACCUGUAGGGCGGUGUCUGCAUCCGUGAGUGAGCCAAAGAUGUGUU,.....((((((......))))))(((.....(((((.(((((.......((.((((((((....((((.(((.(((....)))))).)))))))))))).))(((((((((((((.((.(((..((((..((....))))))..)))(((((...))))))).))))))))))))))))))))))))))...........,-65.2,,,,negative
chr14|44887601-44887800|+,chr14,44887601,44887800,+,GAUGAUCUGUUCAGACGGGUACUCUCGGGUGGGCAGGUAGACUGAGGGCCGUUGGUUCGAGGCUUUGCACACGGAGUCCCCGUGAAAUCGACUAAAAUUGCUUUUAUUGUAGACAGGCAGUCCUUUCAAAAAAUCUGCCAUCUUCUGUUUCCUCCGUAGCCGCCUCAGCCGCCGCCUCAGCCUCCACCGCCGCCACCACA,((..((((((....))))))..))...(((((...(((.((((((((..((.(((((.(((((...((..((((((.....((((((.(((......))).))))))..((((..(((((..............)))))....))))....)))))).)).)))))))))).))))))))..)).)))....)))))...,-61.3,,,,negative
chr14|96108001-96108200|+,chr14,96108001,96108200,+,AUGUUCCCAGGACAGUAGAUUUCUGUUUAGAACCCAUCUCAGCCCCAAUUUUUCUCUGCUGUUUCUCCUUUUUACUUCUCUACUUGGAAGACACAGGCUUAGCAAUGACUGCUAGGAUCCAAAGGGUGUUUCUUAGGUCUAAGGGAAACUGGAAGAGAAAUAGUUCUGACACACCUUGGCUGUCGGUGGGUGUCAGCUGU,.........((((((.......)))))).(((((((((.(((((........((...((((((((((.((((...((((((((((((.((((((.(((((((((.....)))))))..)).....)))))).))))))...))))))...))))))))))))))...))........)))))..))))))).))......,-59.6,,,,negative
chr14|76941901-76942100|+,chr14,76941901,76942100,+,UGUCCAGAAGGCUUGACCAGGAAAGUCCCCGUCUCACACCCAUGACACCCUUGAUUGUCCCUGCAGGAGUCUGACCUGUGGGCGGAGGAGUUUCAGGGAACCAAGCCUGGCUUCGGUAGUCCCACAGACAUGAGGACACCCUUUCCUGAAAAGCCAGGAGGCCUUGGACAGGCCUGCACAGCAUCACCCCGGCCCCCACU,(((((((.(((((((.((..((((.((((((((.((((.....(((...((((..........)))).))).....))))))))).))).))))..))...)))))))((((..(((.((((((......)).)))))))...(((((......))))))))))))))))(((((((...))).......))))......,-73.3,,,,negative
chr14|50705251-50705450|+,chr14,50705251,50705450,+,GCUGAAGCACUUGUCACAGAACUCACACUUGAGCGGUUCGUCACCCGUUGUGGAUUCUGAGAUAGCGGUCCAAGUCUUUCAUGCCAUGGAGAGUUUUGAAGUGGCAACCUGGGUAGCAACAGUCGAAUGUCCUCUCUCCAAGGGCGGCUGUUUCUUCCCUUGACUCUGAGGGAAGAGUGAUGACAGGGGCCUUCUGCUUU,...((((((.(((((.(((((.(((((.....((((........))))))))).))))).))))).(((((..(((..(((((((.(((((((......((.((((..(((........))).....)))))))))))))..))).......(((((((((......))))))))))))).)))..)))))...)))))),-66.8,,,,negative
chr14|102895451-102895650|+,chr14,102895451,102895650,+,AUCGGGAGUCAGCUCUUUAUCACAUCUGGUUUUGUGCCGAGAUGCCCUCGGGCCAUCACCUUUGUGACCAUUGGUCCCCACGCAUUGGUGGUUUUAGAGCGUACAUCGUUGGAGAGGCACACAUCGGAUCUGGCACAGAGCUUAGGGUCUUCUGGGGUGGAGACCACCACCCCAAUGGAUAGACAGAGACACUCGUUAAU,..((((.(((..((.((((((.((((((((((((((((.((((((((((((((((((((....))))....))))))((((......))))......((((.....)))).))).)))).........))))))))))))).))).......((((((((......))))))))))))))))).)).))).)))).....,-72.8,,,,negative
chr14|21116401-21116600|+,chr14,21116401,21116600,+,GGAAUAGAGUGCAGGGAGUACUUAAUCCGGCGCCUGACAGGCAGGUUUGUUUCCUCCUUUAGGACUGGAGGCUGCCACCACUGACAUGUUCCACCAGAUUCUUGUUGGGCUCAAGAAGCAUUCAAGCUUCAUCCCCCUUCGUAUUUAUGAAAUCCGGAGGUACUGGAGCAGCGCUGUAUGUCCAGCAUCUGGCAUUGUUC,((((((..((.(((((.(((((...(((((..(((((.(((.(((.......))))))))))).))))))).)))..)).))))).)))))).(((((....((((((((......(((.((...((((((....((((((.((((...)))).))))))...)))))))).)))....)))))))))))))........,-64.3,,,,negative
chr14|101060651-101060850|+,chr14,101060651,101060850,+,UUUCGGUACUCAAUUCUUCUUGGGAAACGUCACGAGGGGAAAGCCCAGCCGGCACCUGCGCAGGGUAAGGAAGUGGAUCACCUCCGCAUGACAGGUGCUCUCUGUGUGACUUACAUCACUUGGCUCAUAUCCCGGCCAUCAUUAGGAGGAAUUCCCCGAAAUGAUGCUGACGUUUUAGUUGACAUGGUGGUCUUCUAGUC,........(((((......)))))(((((((.....((((.(((((((..((((((((..((..((..(((.(((...))).))))).)).))))))))..))).((((......))))..))))....))))(((.((((((.((.((....))))..))))))))))))))))(((..(((......)))..)))...,-57.7,,,,negative
chr14|54606251-54606450|+,chr14,54606251,54606450,+,AAUGCUACUUCCUUGCCAUGGGCCUGCCUCAUCUGGUUUCCAAUAAGAAGAGUUCCAGAUUGGGGAGCACCCUGCCAUCCUGAUUGGCCAUCACAGAUUCGUAUGGCAUUGAUGUUUACAAGCUGUUUGCAAAGUGUUGCUUGGUGCUGCCUAAUCUGUGGCAUGUGCCUGCUUCCGACACGUCCUUUGUGGGAGGCAGA,.((((((((((.(((...((((...(((......))).)))).))))))).....(((((((((.((((((..((((.......))))....((((.((.(((.((((....))))))).))))))..((((....))))..)))))).)))))))))))))))....((((((((.(((.......))).)))))))).,-67.1,,,,negative
chr14|106522201-106522400|+,chr14,106522201,106522400,+,GUAAUUCAGGUGCUGGAAAAAUUUUCUCCUCAGACUCCUCUGCAGCAGCUCCAGGGCUGACAUCUGUGUGGAGUGGGUUCUGGGCCUGUCCUGCAGCUCUGCCCUCACCCUGCAGGGGAGGAUGCUGUUUGGGCUCACAGAGCAUAUUCUCCCAAUGUCGCUCUCCAAGAAGAAAGGGGCAGUUCCCUGGUUCACAAUCC,((...(((((.((((......((((((.((((((((((((((((((((((....))))).).....))))))).))).))))))...((((.(((((.....((((.(((....)))))))..)))))..))))....((((((((((.....))))).)))))...))))))......))))..)))))...)).....,-66.3,,,,negative
chr14|77925601-77925800|+,chr14,77925601,77925800,+,GAACUUGAAGCUUCAGGGAUGGCAGAGCUCUGGGGGAGAAACAGAUGUCGUGGGAAGGCACAGUCCUCACCGUCGUCUUUUGCAAUGGUUGGCAUCAGCCAGGGACUUGGGCCUUUGGUGGGGAGACGAGGCUUAGGUCCCACCGCUGCCGCCUCCACCCUAGAUGCUCACGGAAGAAUUCCGCCUGAAUUACUGCCACC,...(((((....)))))..((((((((((((((((......((((.(.(((((..(((......)))..))).)).).))))...(((..(((..((((..((((((((((((((..((......))))))))))))))))...))))..))).)))))))))).)))).(((((...)))))..........)))))..,-78.1,,,,negative
chr14|23286201-23286400|+,chr14,23286201,23286400,+,GGCACGGGCGAAGCGCACUGGGCUGGCCAUUGGCUGCGUGGGUCUCGGCUGAAGUCAGGUAUUGGCUGCGUGGGCCUCAGCUGGGGUCAUCUAUUGGAUGCGUGGGGCAGGGAAGAUGUCCCCUGGGGCCAAGCUGCAGUGCAUGGUACCUCCCCCUACCGUCGACCUAUCGGCGCCGGACCUUUGGAAUACACCGGACC,((..(((......(.((..((((((((.....((((.(((((((.(((..(.....(((((((((((((((.(((((((...((((.(((((.((...(((.....)))..))))))).)))))))))))..)).)))))...))))))))....)..)))..)))))))))))))))).))).)))......)))..)),-79.9,,,,negative
chr14|67360201-67360400|+,chr14,67360201,67360400,+,AAACAGUACUUUUCAGGUCCUUCCAUGAUCUACAUUCGUCCUUGUUCUCGGAGGACCCAGACUCUAUGGUUAAUGAUGAAGAGGGGCCUCUAUUCGUUCAGCGCUUGCGCAUGCGAGGAGGUUCCGCAUGCGCGGUGGAGUGAGCGAAGCGCACGCUGAGGAGGAUCGGCGGCCGGUGAGGGGGAAGCAAGUCUGGUCUC,...(((.((((((((((((((((...........((((((.(((.((..((((........))))..)).))).)))))))))))))))...((((((((.((((.(((((((((.((....)))))))))))))))...)))))))).....((((((......)))))).((......)).)))..))))))).....,-71.2,,,,negative
chr14|21091051-21091250|+,chr14,21091051,21091250,+,GCUCCCGGUGGUGGCGCUGUAGGUGAUACUUGAGCGAGCCGGACUGGGUGCCCGCGUAGUCGCAGUGCGGACACUUGUAGGGCCGCUCGCCUGGGGAGAGUGGGUGCGAUAGGGUCACGGGGUCACGAUGACUGCACGCACCCACCCGAAUUUCGCCCAAUUUACAGACCUCAUUCUCAGAACCAAGAAAGGGCACUGCG,.((((((((((((((.(((((((((...(((....)))(((.((((.((((....)))..).)))).))).))))))))).))))).))))..))))).(((((((((....(((((((......)).)))))...)))))))))...................(((..(((.((((........)))).)))..)))..,-78.2,,,,negative
chr14|57002701-57002900|+,chr14,57002701,57002900,+,UUGGUGGGAACAGUGGAGAUGAAGCCUUGGUGGGGCAGCAUCAGGUCCCUUCACUGAUUGGUAAAGGGUGACCCCUCCUUUCCCGAUACAUAUGCUCAUUCCUCAACCUCUUACAAUUUAGGCAAAGGGUGGUGUGCUGCAAUGGGCCGAGGGAGGCUCUGAUGCUGUCGUCCUGGCAUAGAUCUCCCUGUCCUCAGAGC,....((((.((((.((((((...(((..((.(.((((((((((((.(((((.(((....))).))))).....((((((((((((...(((((((.(((.(((...(((..........)))...))))))))))).))...))))..)))))))).)))))))))))).))).)))....)))))))))).))))....,-75.6,,,,negative
chr14|102087451-102087650|+,chr14,102087451,102087650,+,CCGGGCUGAGCGGAACGCGGGGCCGGGGUGGGAGGCGCGCCUGGAGGGAGGGUCGUGCGUGGACGGAGAGCGGCCCGGGUCUCACGCGCCCGGGAGACUUCCGGAGCCGUCGUCCUGACUGGCGCCGCGCCCGCUGCCAAAGAAUCCAGCCGCAAGCGGCGCCGGGAUCGCGGGGCUCUGCCCUCUGGGGGCUGUUAGCC,((.((((..(((...)))..)))).))..((..(((((.(((((((((((((((.((((.(((((....((((((((((((((.((....)).)))))..)))).))))))))))...((((((((((((..((((..........)))).))..))))))))))...)))).)))))).))))))))).)).)))..)),-111.5,,,,negative
chr14|105315401-105315600|+,chr14,105315401,105315600,+,UACCACACGCUUCCUUUCGCGUUCGGCGACACUGUCAGACCUCGGCCUGGGAGCGACCCCCGGCGCACGGGGCGCGCAGGACUCGGUUGUAUCCUCCGUCCAGCGCGCGGUGGAGAUGCCCUGUCCUGCGGGGCGGGGUCGUCCUCGCGGGUACCUGGUUGGCGCUGUCUCUCAUUUAGAGGCGUCGCCAAGCCAGUACU,..((...(((((((..(((.(((.((((....)))).)))..)))...)))))))...((((.....))))((((((.((((..((......))...)))).)))))).((((.((((((((((((....)))))))).)))).))))))((((.(((((((((.(((((((.....))))))).)))).))))))))).,-96.8,,,,negative
chr14|70297751-70297950|-,chr14,70297751,70297950,-,UCCAUCAACAUCUGUUGUUUUUUGACUUUUUAAUAGGCAUUCUAACUAGUGUAAGGUGAUGAUAUCUCAUCAUGGUUUUAAUUUGCAUUUUUCUGAUGAUUAGUGAUGUUGAGCAUGUUUUCAUAUGUUUGAUGGCCACGUGUAUGUCUUCUUUUGAAAAAUGCCUAUUCGUGCAACUUACAGAAUGGGAGACAAUUUUU,.((((((((((((((((.............))))))(((((......)))))...((((.(((((((((.(((....((((((..((......))..))))))..))).)))).))))).))))))).))))))).........((((((((((((.((..(((........)))..)).))))..))))))))......,-40.1,,,,negative
